userId,Movie 1 (Sci-Fi),Movie 2 (Sci-Fi),Movie 3 (Romance),Movie 4 (Romance),Preferred Category
1,5.0,4.0,5.0,5.0,Romance
4,5.0,0.0,1.0,5.0,Romance
6,0.0,5.0,0.0,0.0,Romance
7,5.0,5.0,0.0,4.0,SciFi
8,0.0,3.0,0.0,0.0,Romance
10,0.0,3.5,0.5,1.0,Romance
11,0.0,5.0,0.0,0.0,Romance
13,0.0,0.0,5.0,0.0,SciFi
14,0.0,4.0,0.0,0.0,Romance
15,5.0,5.0,4.0,4.0,Romance
16,3.0,3.5,3.5,3.5,SciFi
17,5.0,5.0,5.0,4.0,SciFi
18,4.0,4.5,4.5,0.0,Romance
19,4.0,2.0,4.0,4.0,Romance
21,4.5,4.5,4.0,2.0,SciFi
22,0.0,5.0,0.0,0.0,Romance
24,0.0,4.5,4.0,0.0,SciFi
25,5.0,0.0,5.0,0.0,SciFi
26,0.0,3.0,0.0,0.0,Romance
27,4.0,5.0,0.0,0.0,Romance
28,4.0,4.0,4.0,4.0,SciFi
29,0.0,4.5,0.0,0.0,Romance
30,5.0,0.0,5.0,0.0,Romance
32,5.0,0.0,0.0,0.0,Romance
33,0.0,5.0,5.0,0.0,SciFi
34,0.0,4.0,3.0,0.0,SciFi
37,0.0,4.0,0.0,0.0,SciFi
38,0.0,3.0,0.0,0.0,Romance
39,5.0,0.0,5.0,5.0,SciFi
41,0.0,2.0,2.0,4.0,Romance
42,5.0,5.0,5.0,0.0,Romance
43,0.0,5.0,0.0,0.0,SciFi
44,5.0,0.0,0.0,0.0,Romance
45,5.0,5.0,5.0,5.0,Romance
47,0.0,4.5,0.0,0.0,Romance
48,0.0,0.0,5.0,0.0,SciFi
49,0.0,4.0,4.5,0.0,SciFi
50,0.0,3.0,2.5,0.0,Romance
51,5.0,0.0,0.0,0.0,Romance
52,4.0,5.0,5.0,0.0,SciFi
54,0.0,4.0,0.0,0.0,Romance
56,0.0,5.0,0.0,0.0,Romance
57,5.0,4.0,5.0,5.0,Romance
58,0.0,4.0,0.0,0.0,Romance
59,4.0,0.0,1.0,0.0,Romance
62,4.5,5.0,5.0,0.0,SciFi
63,5.0,3.5,3.5,5.0,Romance
64,3.5,4.0,4.0,2.5,Romance
66,2.5,5.0,5.0,5.0,Romance
67,0.0,4.5,4.5,4.0,SciFi
68,5.0,3.5,4.5,5.0,Romance
69,5.0,4.0,5.0,0.0,SciFi
70,0.0,4.0,0.0,4.0,Romance
71,3.0,0.0,0.0,0.0,Romance
72,5.0,4.0,5.0,4.5,SciFi
73,2.0,0.0,0.0,5.0,SciFi
74,0.0,0.0,0.0,5.0,Romance
75,5.0,0.0,1.0,0.0,Romance
76,4.0,1.0,4.0,4.0,SciFi
77,5.0,0.0,5.0,0.0,SciFi
78,3.5,3.0,4.5,0.0,Romance
79,5.0,0.0,4.0,0.0,SciFi
80,0.0,0.0,4.5,0.0,Romance
81,0.0,2.0,0.0,0.0,SciFi
82,3.5,4.5,4.0,0.0,SciFi
83,0.0,4.5,0.0,3.5,Romance
84,4.0,5.0,0.0,0.0,Romance
86,4.5,4.0,4.5,4.0,SciFi
89,0.0,0.5,0.0,0.0,SciFi
90,5.0,0.0,0.0,0.0,Romance
91,4.5,3.0,5.0,0.0,SciFi
93,5.0,5.0,0.0,0.0,SciFi
94,0.0,3.0,0.0,0.0,SciFi
95,5.0,0.0,5.0,0.0,SciFi
96,5.0,0.0,4.0,5.0,SciFi
97,0.0,0.0,5.0,0.0,SciFi
98,0.0,5.0,0.0,0.0,Romance
100,0.0,4.0,0.0,0.0,Romance
101,0.0,0.0,0.0,4.0,SciFi
102,0.0,5.0,0.0,0.0,Romance
103,4.0,4.0,4.0,0.0,Romance
104,3.0,4.0,0.0,0.0,Romance
105,4.0,3.5,4.0,5.0,Romance
106,0.0,0.0,5.0,0.0,Romance
108,0.0,0.0,5.0,0.0,SciFi
109,0.0,5.0,0.0,0.0,Romance
110,0.0,0.0,4.0,4.5,Romance
111,0.0,5.0,0.5,4.0,Romance
112,5.0,3.5,5.0,0.0,SciFi
113,4.0,4.0,0.0,5.0,Romance
114,3.5,0.0,0.0,0.0,SciFi
115,5.0,0.0,3.0,1.0,SciFi
116,0.0,4.0,0.0,0.0,Romance
117,0.0,4.0,0.0,0.0,Romance
119,0.0,4.0,4.0,0.0,Romance
120,5.0,0.0,0.0,0.0,SciFi
121,0.0,4.0,0.0,0.0,Romance
122,5.0,5.0,5.0,0.0,SciFi
123,4.5,0.0,4.0,3.5,SciFi
124,4.0,5.0,0.0,5.0,Romance
125,0.0,5.0,5.0,5.0,Romance
126,0.0,4.0,0.0,0.0,Romance
128,5.0,0.0,0.0,0.0,Romance
129,4.0,0.0,4.5,4.5,Romance
131,2.5,3.0,3.0,3.5,Romance
132,2.0,4.0,4.5,4.5,Romance
133,0.0,4.0,0.0,0.0,Romance
135,4.0,0.0,5.0,4.0,Romance
137,4.0,3.5,4.0,0.0,Romance
139,4.0,0.0,0.0,0.0,Romance
140,4.0,4.0,4.0,4.0,Romance
141,4.0,4.0,3.5,0.0,SciFi
142,0.0,4.0,0.0,0.0,Romance
143,0.0,5.0,0.0,0.0,Romance
144,0.0,4.0,4.0,4.0,Romance
148,0.0,4.0,0.0,0.0,Romance
149,4.0,0.0,0.0,0.0,SciFi
152,3.0,0.0,4.0,4.0,Romance
153,0.0,3.5,0.5,3.0,Romance
154,0.0,5.0,0.0,0.0,Romance
155,4.0,0.0,0.0,0.0,Romance
156,1.0,3.0,3.0,4.5,Romance
159,0.0,4.0,0.0,4.0,Romance
160,5.0,3.0,4.0,5.0,Romance
162,0.0,5.0,0.0,0.0,Romance
165,0.0,0.0,4.0,0.0,Romance
166,4.5,4.0,4.0,4.0,Romance
167,4.0,3.0,0.0,3.0,SciFi
168,0.0,4.0,0.0,5.0,Romance
169,0.0,4.5,4.5,0.0,Romance
170,0.0,4.0,0.0,0.0,Romance
171,4.0,0.0,0.0,0.0,SciFi
173,0.0,5.0,0.0,0.0,Romance
174,0.0,3.0,0.0,0.0,Romance
177,2.5,5.0,3.0,4.0,Romance
178,0.0,4.5,4.5,5.0,SciFi
179,0.0,5.0,0.0,0.0,Romance
180,4.5,0.0,3.5,0.0,SciFi
181,0.0,5.0,0.0,0.0,Romance
182,3.5,5.0,5.0,5.0,Romance
186,4.0,0.0,3.0,0.0,Romance
187,4.0,2.0,4.0,4.0,Romance
188,0.0,5.0,0.0,3.0,Romance
189,0.0,4.0,4.0,0.0,SciFi
190,0.0,0.0,3.0,0.0,Romance
192,0.0,5.0,0.0,0.0,Romance
193,5.0,3.0,0.0,2.5,SciFi
195,4.0,0.0,3.0,4.0,Romance
196,0.0,0.0,5.0,0.0,SciFi
197,0.0,3.0,5.0,0.0,SciFi
198,5.0,5.0,5.0,5.0,Romance
199,4.0,2.0,4.0,5.0,Romance
200,5.0,4.0,5.0,3.5,Romance
201,5.0,5.0,0.0,5.0,Romance
202,4.0,5.0,4.0,4.0,Romance
203,0.0,0.0,2.5,0.0,SciFi
204,0.0,0.0,4.5,4.0,SciFi
205,4.5,4.0,0.0,0.0,SciFi
207,0.0,0.0,0.0,5.0,Romance
208,0.0,0.0,5.0,0.0,SciFi
209,0.0,4.5,5.0,4.5,Romance
210,5.0,0.0,5.0,0.0,Romance
211,4.5,4.5,5.0,4.0,Romance
212,2.5,3.5,3.0,3.5,Romance
215,4.5,3.5,0.0,4.0,Romance
216,0.0,0.0,0.0,5.0,Romance
217,5.0,2.0,3.0,0.0,SciFi
219,5.0,0.0,5.0,5.0,SciFi
220,5.0,5.0,5.0,0.0,Romance
221,0.0,3.5,2.0,5.0,Romance
222,0.0,4.0,4.0,0.0,SciFi
223,3.5,0.0,3.5,0.0,Romance
224,2.0,5.0,0.0,0.0,Romance
225,0.0,0.0,0.0,3.0,Romance
226,4.5,4.0,4.0,4.0,SciFi
227,3.5,5.0,4.5,0.0,SciFi
228,4.5,0.0,4.5,0.0,SciFi
229,0.0,4.0,0.0,0.0,Romance
231,4.0,0.0,5.0,4.0,SciFi
232,4.5,4.0,4.5,0.0,Romance
233,0.0,5.0,4.5,3.0,Romance
234,5.0,0.0,5.0,0.0,Romance
235,0.0,5.0,0.0,0.0,Romance
236,0.0,0.0,0.0,5.0,Romance
237,0.0,2.0,4.0,3.5,SciFi
239,5.0,5.0,5.0,5.0,Romance
240,0.0,5.0,0.0,0.0,SciFi
241,0.0,0.0,4.0,3.5,SciFi
243,0.0,4.0,0.0,0.0,Romance
244,0.0,5.0,4.0,0.0,Romance
246,5.0,3.5,5.0,0.0,Romance
247,4.0,5.0,3.5,4.0,SciFi
248,3.5,0.0,4.0,0.0,SciFi
249,5.0,4.5,5.0,4.5,SciFi
251,0.0,5.0,5.0,0.0,Romance
254,4.0,5.0,5.0,5.0,Romance
255,0.0,0.0,0.0,1.0,SciFi
256,4.0,0.0,4.5,0.0,Romance
258,0.0,0.0,5.0,0.0,Romance
261,0.0,5.0,4.0,5.0,Romance
262,4.0,0.0,0.0,0.0,SciFi
263,0.0,4.0,4.0,4.0,Romance
264,0.0,3.5,4.5,0.0,Romance
265,5.0,0.0,5.0,2.0,SciFi
266,4.0,4.0,5.0,0.0,SciFi
267,5.0,0.0,5.0,4.0,Romance
268,4.0,2.0,5.0,5.0,SciFi
271,0.0,0.0,0.0,2.5,Romance
272,0.0,0.0,4.0,0.0,SciFi
274,3.0,4.5,4.0,5.0,SciFi
275,4.0,3.0,5.0,4.0,Romance
276,5.0,5.0,0.0,0.0,SciFi
277,4.0,0.0,0.0,0.0,SciFi
279,5.0,3.0,4.5,3.5,SciFi
280,0.0,4.0,0.0,0.0,Romance
281,0.0,0.0,0.0,3.5,Romance
282,4.0,4.5,5.0,4.5,SciFi
283,0.0,5.0,0.0,0.0,SciFi
284,0.0,5.0,0.0,0.0,SciFi
286,0.0,4.5,4.5,0.0,SciFi
288,5.0,5.0,3.0,0.0,Romance
290,5.0,0.0,0.0,4.0,Romance
292,4.0,4.5,4.0,0.0,SciFi
294,5.0,5.0,0.0,3.0,SciFi
296,0.0,5.0,4.5,0.0,Romance
298,4.0,3.0,4.0,4.0,SciFi
300,0.0,4.0,4.0,5.0,Romance
301,0.0,4.0,0.0,4.0,Romance
302,5.0,0.0,0.0,0.0,SciFi
303,3.5,0.0,5.0,0.0,SciFi
304,5.0,5.0,4.0,2.0,SciFi
305,5.0,4.5,5.0,5.0,Romance
307,3.5,4.0,3.5,4.0,SciFi
308,2.5,2.5,3.0,0.0,Romance
309,0.0,0.0,4.0,0.0,Romance
312,5.0,4.0,3.0,0.0,Romance
313,3.0,0.0,5.0,4.0,SciFi
314,5.0,4.0,0.0,0.0,Romance
316,0.0,0.0,4.5,4.0,SciFi
317,4.0,5.0,4.0,5.0,Romance
318,3.0,4.5,3.5,3.5,Romance
319,0.0,4.0,5.0,0.0,SciFi
321,0.0,5.0,0.0,0.0,SciFi
322,0.0,3.5,4.0,4.5,Romance
323,4.5,3.5,3.0,0.0,Romance
325,0.0,2.0,0.0,0.0,SciFi
326,0.0,5.0,3.5,3.5,SciFi
327,0.0,5.0,0.0,0.0,Romance
328,5.0,3.0,2.0,0.0,SciFi
330,4.0,5.0,3.5,4.5,Romance
332,0.0,4.5,5.0,4.5,Romance
334,4.0,4.0,4.0,0.0,Romance
335,0.0,4.0,5.0,0.0,SciFi
336,0.0,4.5,5.0,5.0,SciFi
337,5.0,0.0,0.0,0.0,SciFi
339,0.0,4.0,0.0,5.0,Romance
340,0.0,3.0,0.0,0.0,SciFi
341,0.0,3.5,0.0,0.0,Romance
343,3.0,0.0,5.0,4.0,SciFi
344,5.0,5.0,5.0,5.0,SciFi
345,0.0,0.0,0.0,4.0,Romance
346,0.0,0.0,0.0,4.5,Romance
347,0.0,4.0,0.0,0.0,Romance
348,4.5,0.0,0.0,5.0,Romance
349,0.0,5.0,0.0,0.0,Romance
350,4.0,0.0,0.0,0.0,SciFi
351,0.0,4.5,4.0,0.0,Romance
352,4.0,5.0,4.5,5.0,SciFi
354,4.0,4.5,4.0,4.0,Romance
356,0.0,4.0,4.0,4.0,Romance
357,4.0,3.5,0.0,3.5,Romance
359,0.0,0.0,2.5,4.0,Romance
361,2.0,3.5,0.0,2.5,Romance
362,4.5,4.5,4.5,0.0,SciFi
363,2.0,0.0,2.5,0.0,Romance
364,4.0,0.0,0.0,0.0,SciFi
365,3.0,4.5,0.0,1.0,SciFi
367,5.0,5.0,0.0,0.0,SciFi
368,4.0,4.0,4.0,4.0,Romance
369,3.5,0.0,4.5,0.0,SciFi
370,2.0,0.0,4.0,3.5,Romance
371,0.0,0.0,5.0,0.0,SciFi
372,4.0,3.0,0.0,0.0,Romance
373,0.0,4.0,0.0,0.0,Romance
374,0.0,4.0,0.0,0.0,Romance
375,0.0,4.5,0.0,0.0,Romance
376,4.0,3.5,3.5,0.0,SciFi
377,0.0,0.0,0.0,4.5,SciFi
379,0.0,5.0,0.0,0.0,SciFi
380,5.0,5.0,4.5,0.0,SciFi
381,3.5,4.0,5.0,0.0,Romance
382,5.0,4.5,5.0,0.0,Romance
385,4.0,4.0,0.0,0.0,SciFi
387,4.5,4.0,4.0,4.5,SciFi
389,5.0,0.0,0.0,0.0,SciFi
390,0.0,0.0,4.5,2.5,SciFi
391,5.0,5.0,5.0,4.0,Romance
392,0.0,0.0,0.0,4.0,Romance
393,0.0,0.0,5.0,0.0,Romance
394,0.0,4.0,0.0,0.0,Romance
395,0.0,3.0,0.0,0.0,SciFi
399,5.0,5.0,5.0,0.5,SciFi
400,5.0,4.5,5.0,0.0,Romance
401,0.0,3.5,0.0,0.0,SciFi
404,0.0,4.0,0.0,0.0,Romance
405,0.0,0.0,4.5,0.0,Romance
407,4.0,0.0,5.0,0.0,SciFi
408,4.0,0.0,4.5,0.0,Romance
409,4.0,0.0,0.0,5.0,SciFi
410,3.0,0.0,0.0,3.0,Romance
411,0.0,5.0,0.0,0.0,SciFi
412,0.0,0.0,3.0,5.0,Romance
413,0.0,0.0,0.0,1.0,Romance
414,5.0,5.0,5.0,5.0,SciFi
415,4.0,5.0,4.5,3.5,SciFi
416,3.0,2.5,1.0,3.5,Romance
417,0.0,4.0,5.0,4.0,SciFi
418,0.0,4.0,0.0,0.0,Romance
419,0.0,4.5,4.0,4.0,Romance
420,0.0,4.0,4.5,4.0,Romance
421,0.0,0.0,0.0,5.0,Romance
422,5.0,0.0,0.0,0.0,Romance
423,0.0,5.0,0.0,0.0,Romance
424,0.0,0.0,2.0,2.5,Romance
425,3.0,5.0,3.5,3.0,Romance
426,0.0,5.0,0.0,0.0,Romance
428,3.5,3.0,4.0,3.5,SciFi
430,0.0,3.0,5.0,5.0,Romance
432,3.5,4.5,3.5,3.5,Romance
434,5.0,4.5,5.0,5.0,SciFi
436,0.0,4.0,0.0,0.0,Romance
437,5.0,3.0,0.0,0.0,Romance
438,5.0,4.0,5.0,0.0,SciFi
439,0.0,5.0,5.0,0.0,Romance
441,5.0,0.0,5.0,0.0,SciFi
443,4.0,5.0,3.5,4.0,Romance
444,0.0,5.0,0.0,0.0,Romance
445,5.0,3.0,5.0,0.0,Romance
446,0.0,3.0,0.0,0.0,Romance
447,0.0,4.0,0.0,0.0,Romance
448,5.0,3.0,2.0,4.0,Romance
449,0.0,0.0,0.0,4.0,Romance
450,5.0,0.0,0.0,4.0,SciFi
452,5.0,5.0,5.0,4.0,Romance
453,4.0,5.0,5.0,5.0,SciFi
454,0.0,0.0,0.0,5.0,Romance
455,0.0,5.0,0.0,0.0,Romance
456,5.0,0.0,0.0,0.0,SciFi
457,5.0,0.0,0.0,3.0,Romance
458,0.0,5.0,0.0,0.0,Romance
459,4.0,0.0,4.0,0.0,Romance
460,0.0,4.5,4.5,0.0,Romance
461,0.5,5.0,0.5,0.0,Romance
462,4.0,2.5,0.5,3.5,Romance
463,0.0,4.0,0.0,0.0,SciFi
464,5.0,5.0,5.0,4.0,Romance
465,0.0,5.0,4.0,0.0,Romance
466,1.5,5.0,4.0,0.0,Romance
469,4.0,0.0,4.0,5.0,Romance
470,0.0,5.0,0.0,0.0,Romance
471,0.0,3.0,3.5,0.0,Romance
474,4.0,3.0,4.5,3.5,Romance
475,5.0,0.0,4.5,0.0,Romance
476,0.0,5.0,0.0,0.0,SciFi
477,4.5,5.0,4.0,4.5,SciFi
479,4.0,0.0,0.0,0.0,Romance
480,4.5,5.0,5.0,4.0,Romance
483,4.5,5.0,4.5,4.0,Romance
484,0.0,5.0,0.0,4.5,Romance
485,0.0,5.0,0.0,0.0,Romance
486,0.0,5.0,0.0,0.0,Romance
487,4.0,0.0,3.0,0.0,SciFi
489,0.0,4.0,4.0,4.0,Romance
490,0.0,3.5,4.0,0.0,SciFi
491,0.0,4.5,0.0,0.0,SciFi
492,4.0,0.0,0.0,0.0,SciFi
493,5.0,0.0,5.0,0.0,Romance
494,5.0,0.0,5.0,0.0,SciFi
495,0.0,4.0,5.0,0.0,Romance
497,2.0,0.0,2.5,4.0,Romance
498,0.0,5.0,0.0,0.0,Romance
500,4.0,4.0,0.0,5.0,SciFi
503,0.0,4.0,4.5,4.0,SciFi
507,0.0,4.0,0.0,0.0,Romance
509,4.0,0.0,3.5,0.0,SciFi
511,0.0,4.5,5.0,0.0,Romance
512,0.0,5.0,0.0,0.0,Romance
513,5.0,0.0,0.0,4.0,SciFi
514,5.0,4.0,4.0,4.0,Romance
515,5.0,5.0,0.0,0.0,Romance
516,5.0,0.0,0.0,0.0,SciFi
517,3.5,3.5,2.5,1.0,Romance
519,0.0,5.0,0.0,0.0,Romance
520,0.0,3.5,5.0,0.0,Romance
522,5.0,3.5,4.0,5.0,SciFi
523,0.0,4.5,0.0,0.0,Romance
524,5.0,0.0,0.0,0.0,Romance
525,4.0,4.0,4.0,4.0,Romance
526,0.0,0.0,0.0,4.0,Romance
527,5.0,0.0,0.0,0.0,SciFi
528,0.0,5.0,5.0,1.0,SciFi
529,5.0,0.0,0.0,0.0,SciFi
530,0.0,5.0,0.0,0.0,Romance
531,5.0,0.0,0.0,0.0,SciFi
532,0.0,0.0,5.0,4.0,SciFi
533,0.0,5.0,5.0,0.0,Romance
534,4.5,4.5,4.0,3.5,Romance
535,0.0,0.0,4.0,5.0,SciFi
536,0.0,5.0,0.0,0.0,SciFi
537,0.0,0.0,4.0,0.0,SciFi
540,5.0,0.0,4.0,0.0,SciFi
541,0.0,5.0,0.0,0.0,Romance
542,0.0,5.0,5.0,4.5,Romance
543,0.0,3.0,5.0,5.0,SciFi
546,0.0,0.0,0.0,5.0,Romance
547,0.0,0.0,0.0,5.0,SciFi
548,3.5,5.0,5.0,0.0,SciFi
549,2.0,0.0,5.0,0.0,SciFi
550,0.0,4.0,4.5,0.0,SciFi
551,3.5,4.5,4.0,0.0,Romance
552,0.0,4.0,4.5,0.0,Romance
553,0.0,0.0,3.5,5.0,SciFi
554,0.0,0.0,5.0,5.0,SciFi
555,5.0,5.0,5.0,5.0,Romance
557,3.0,0.0,4.5,0.0,Romance
559,5.0,4.0,0.0,0.0,Romance
560,4.0,3.5,4.5,4.0,SciFi
561,4.5,4.0,4.0,3.5,Romance
562,0.0,5.0,5.0,5.0,Romance
563,0.0,4.0,0.0,0.0,SciFi
564,0.0,3.0,0.0,0.0,Romance
565,0.0,4.0,0.0,0.0,SciFi
566,0.0,5.0,0.0,0.0,Romance
567,2.0,3.0,0.0,0.0,Romance
568,0.0,5.0,0.0,0.0,Romance
569,0.0,3.0,0.0,0.0,SciFi
570,3.5,4.0,4.5,4.0,SciFi
572,5.0,4.0,0.0,0.0,Romance
573,5.0,4.5,5.0,2.0,SciFi
575,0.0,0.0,4.0,0.0,SciFi
577,5.0,5.0,0.0,0.0,Romance
579,0.0,5.0,5.0,0.0,Romance
580,4.0,4.0,5.0,5.0,SciFi
581,0.0,4.5,3.5,0.0,SciFi
582,4.0,0.0,5.0,0.0,Romance
583,0.0,4.0,0.0,0.0,Romance
584,0.0,5.0,0.0,0.0,Romance
585,0.0,0.0,0.0,4.5,Romance
586,4.5,0.0,5.0,0.0,SciFi
587,0.0,4.0,4.0,5.0,SciFi
588,0.0,3.0,0.0,0.0,Romance
589,0.0,5.0,0.0,0.0,Romance
590,5.0,5.0,4.0,3.0,Romance
591,5.0,4.0,5.0,0.0,SciFi
592,0.0,5.0,0.0,0.0,Romance
593,5.0,4.0,2.5,4.5,Romance
594,0.0,0.0,5.0,0.0,Romance
596,4.0,3.5,4.0,0.0,Romance
597,5.0,5.0,0.0,5.0,Romance
599,5.0,3.5,5.0,5.0,SciFi
600,4.0,4.0,3.0,4.5,Romance
601,0.0,0.0,5.0,0.0,Romance
602,5.0,3.0,0.0,0.0,SciFi
603,4.0,3.0,5.0,5.0,Romance
605,5.0,3.0,0.0,0.0,Romance
606,4.5,4.0,5.0,4.5,Romance
607,3.0,0.0,5.0,3.0,Romance
608,3.5,3.0,5.0,5.0,SciFi
609,0.0,4.0,0.0,0.0,Romance
610,5.0,3.0,5.0,3.5,Romance
